,,,Array
,,,Array
,,,Array
,,,
,,,,
,,,,
kfa,kir,oi,男,Array
,,,,Array
,,,,
,,,,Array
,,,,Array
,,,,,,,,,,,,,,,

,,,,,,,,,,,,,,,

,,,,,,,,,,,,,,,

,,,,,,,,,,,,,,,

,,,,,,,,,,,,,,,

,,,,,,,,,,,,,,,

,,,,,,,,,,,,,,,

,,,,,,,,,,,,,,,

,,,,,,,,,,,,,,,

,,,,,,,,,,,,,,,

,,,,,,,,,,,,,,,

,,,,,,,,,,,,,,,

,,,,,,,,,,,,,,,

,,,,
,,,,,,,,,,,,,,,

,,,,,,,,,,,,,,,

,,,,,,,,,,,,,,,

,,,,,,,,,,,,,,,

,,,,
,,,,,,,,,,,,,,,

,,,,,,,,,,,,,,,

,,,,
kisa,nofa,inoa,男,,アウトドア,,,,,芸術鑑賞,,,,,

lkoifoa,kmlknfa,onojfs,男,アウトドア,芸術鑑賞

